Tweet Date,Display Name,User Name,Tweet URL,Media Type,Media URL,Saved Filename,Tweet Content,Favorite Count,Retweet Count,Reply Count
2024/11/6 8:08,Donald J. Trump,@realDonaldTrump,https://x.com/realDonaldTrump/status/1853952446298812619/video/1,Video,https://video.twimg.com/amplify_video/1853952394721189895/vid/avc1/640x360/ybWpiAFgV7Ot29yC.mp4?tag=16,2024-11-06 08-08-vid_1.mp4,GET OUT AND VOTE—STILL TIME LEFT! https://t.co/czQRkZmYUH https://t.co/ZuF4Txvujp,233275,25792,6980
2024/11/6 4:39,Donald J. Trump,@realDonaldTrump,https://x.com/realDonaldTrump/status/1853899971054993699/video/1,Video,https://video.twimg.com/amplify_video/1853899918202580992/vid/avc1/640x360/2bxwksJOTg1qh6c1.mp4?tag=16,2024-11-06 04-39-vid_3.mp4,https://t.co/BDohSqF4Z9,233588,36144,5412
2024/11/5 15:19,Donald J. Trump,@realDonaldTrump,https://x.com/realDonaldTrump/status/1853698717691297804/video/1,Video,https://video.twimg.com/amplify_video/1853698592701132800/vid/avc1/1366x720/e3nyM4ysGOP-QEEA.mp4?tag=16,2024-11-05 15-19-vid_9.mp4,"A GREAT DAY IN NORTH CAROLINA, PENNSYLVANIA, AND MICHIGAN—THANK YOU! 

IT’S TIME TO GET OUT AND VOTE—SO TOGETHER, WE CAN MAKE AMERICA GREAT AGAIN!!! https://t.co/QrckeupQKi https://t.co/eQisvQHxMZ",190248,27975,5939
2024/11/6 2:11,Donald J. Trump,@realDonaldTrump,https://x.com/realDonaldTrump/status/1853862784464794040/photo/1,Image,https://pbs.twimg.com/media/Gbo-YM0WcAAfKWl.jpg,2024-11-06 02-11-img_6.jpg,https://t.co/k6jz59fnsE,177738,39915,5680
2024/11/5 12:06,Donald J. Trump,@realDonaldTrump,https://x.com/realDonaldTrump/status/1853650184724770855/photo/1,Image,https://pbs.twimg.com/media/Gbl8_nMaoAAY0CN.jpg,2024-11-05 12-06-img_11.jpg,"Roberto Clemente, the Pride of Puerto Rico, was one of the greatest baseball players in history, and also a tremendous humanitarian. He gave his life helping others, dying in a plane crash while delivering relief supplies to earthquake victims on New Year’s Eve 1972. He remains a https://t.co/hY1y6qnBt4",220653,31792,4631
2024/11/5 19:47,Donald J. Trump,@realDonaldTrump,https://x.com/realDonaldTrump/status/1853766064082976848/video/1,Video,https://video.twimg.com/amplify_video/1853765998416924673/vid/avc1/1280x720/MuxSnEAOB-qLApHK.mp4?tag=16,2024-11-05 19-47-vid_8.mp4,https://t.co/gacImboG5S,338694,49595,7970
2024/11/5 12:14,Donald J. Trump,@realDonaldTrump,https://x.com/realDonaldTrump/status/1853652137865056365/video/1,Video,https://video.twimg.com/amplify_video/1853651487458725888/vid/avc1/720x1280/-RUSMUhTqQZeMUew.mp4?tag=16,2024-11-05 12-14-vid_10.mp4,"Thank you for your endorsement, Joe Rogan—A great honor! https://t.co/0XQUtMgn9b",723261,77021,8596
2024/11/6 2:07,Donald J. Trump,@realDonaldTrump,https://x.com/realDonaldTrump/status/1853861767731905021/video/1,Video,https://video.twimg.com/amplify_video/1853861378064269312/vid/avc1/1920x1080/9fiPGFddc2iv1Qkp.mp4?tag=16,2024-11-06 02-07-vid_7.mp4,TODAY is our last chance to defeat the corrupt establishment. GET OUT AND VOTE! https://t.co/rexA4e363N,385254,52442,9995
2024/11/6 8:33,Donald J. Trump,@realDonaldTrump,https://x.com/realDonaldTrump/status/1853958758654726398/video/1,Video,https://video.twimg.com/amplify_video/1853958659971104770/vid/avc1/1080x1920/Wdo_xPLBS_TotQyQ.mp4?tag=16,2024-11-06 08-33-vid_0.mp4,HI REPUBLICANS! IF YOU’RE IN LINE—STAY IN LINE… https://t.co/5vEA2kXZXU,1089533,105070,32149
2024/11/6 4:04,Donald J. Trump,@realDonaldTrump,https://x.com/realDonaldTrump/status/1853891159074242994/video/1,Video,https://video.twimg.com/amplify_video/1853891110298357761/vid/avc1/576x1024/bNqIeXBit2ItQP06.mp4?tag=16,2024-11-06 04-04-vid_4.mp4,https://t.co/1ig82Uccji,226383,34338,6449
2024/11/6 2:21,Donald J. Trump,@realDonaldTrump,https://x.com/realDonaldTrump/status/1853865204855042187/video/1,Video,https://video.twimg.com/amplify_video/1853865141646848000/vid/avc1/1280x720/3EFzPsKm55RRvkMQ.mp4?tag=16,2024-11-06 02-21-vid_5.mp4,"Your vote will lead us to Greatness.

Your vote will unleash a new GOLDEN AGE!

Your vote will MAKE AMERICA GREAT AGAIN! GREATER THAN EVER BEFORE!

VOTE TRUMP!

#VotedForTrump #Election2024 https://t.co/L4KGAUA7KQ",622053,77630,57950
2024/11/6 7:46,Donald J. Trump,@realDonaldTrump,https://x.com/realDonaldTrump/status/1853946933490155903/video/1,Video,https://video.twimg.com/amplify_video/1853946851902328838/vid/avc1/576x1024/oT1brFvuS6Ba-iYm.mp4?tag=16,2024-11-06 07-46-vid_2.mp4,https://t.co/b4fRNCt5SM,299390,32025,7980
2024/11/4 22:39,Donald J. Trump,@realDonaldTrump,https://x.com/realDonaldTrump/status/1853446955176718678/video/1,Video,https://video.twimg.com/amplify_video/1853446877905088512/vid/avc1/1278x720/REBaqUG61SHbpjZC.mp4?tag=16,2024-11-04 22-39-vid_14.mp4,"MAKE AMERICA GREAT AGAIN! https://t.co/czQRkZmr59 
#FightForAmerica https://t.co/KT1SzCpQpt",204022,40258,12262
2024/11/4 22:13,Donald J. Trump,@realDonaldTrump,https://x.com/realDonaldTrump/status/1853440314591134016/video/1,Video,https://video.twimg.com/amplify_video/1853440262132953088/vid/avc1/1280x720/k41Vtgqbubyd10qD.mp4?tag=16,2024-11-04 22-13-vid_15.mp4,https://t.co/SK1UHPYZwT,66976,14610,2926
2024/11/4 14:37,Donald J. Trump,@realDonaldTrump,https://x.com/realDonaldTrump/status/1853325580869013583/video/1,Video,https://video.twimg.com/amplify_video/1853325427257016320/vid/avc1/1366x720/hhfU4emo9HdbJcYg.mp4?tag=16,2024-11-04 14-37-vid_17.mp4,"A great day in Pennsylvania, North Carolina, and Georgia—THANK YOU! 

Everyone be sure to get out and VOTE!  Go to: https://t.co/czQRkZmr59 https://t.co/jmCyp7uTSu",109888,20090,5342
2024/11/4 7:56,Donald J. Trump,@realDonaldTrump,https://x.com/realDonaldTrump/status/1853224673355472975/video/1,Video,https://video.twimg.com/amplify_video/1853224524919250944/vid/avc1/1920x1080/QGhK2Ux23QFdE3JB.mp4?tag=16,2024-11-04 07-56-vid_19.mp4,https://t.co/czQRkZmr59 https://t.co/n9O9bZbQur,74204,17695,3437
2024/11/4 7:03,Donald J. Trump,@realDonaldTrump,https://x.com/realDonaldTrump/status/1853211419090854019/photo/1,Image,https://pbs.twimg.com/media/Gbft6dPbUAA3Mvs.jpg,2024-11-04 07-03-img_21.jpg,CALIFORNIA! Early Voting ends tomorrow! Let's make this election #TooBigToRig! https://t.co/0g7DLPeh2F https://t.co/1dziCPrWYE,56681,11335,2726
2024/11/4 21:23,Donald J. Trump,@realDonaldTrump,https://x.com/realDonaldTrump/status/1853427785894678531/video/1,Video,https://video.twimg.com/amplify_video/1853427733469990912/vid/avc1/640x360/95FfadQ26t3q8qbg.mp4?tag=16,2024-11-04 21-23-vid_16.mp4,https://t.co/gZ1J89f1Nv,381843,63222,10266
2024/11/5 8:00,Donald J. Trump,@realDonaldTrump,https://x.com/realDonaldTrump/status/1853588107787940229/video/1,Video,https://video.twimg.com/amplify_video/1853587861519433728/vid/avc1/1920x1080/sV3QIHYknVHuhyay.mp4?tag=16,2024-11-05 08-00-vid_12.mp4,Tomorrow is our last chance to defeat the corrupt establishment. GET OUT AND VOTE! #FightForAmerica https://t.co/czQRkZmr59 https://t.co/vKF0bXhBnb,215285,44712,11076
2024/11/4 7:01,Donald J. Trump,@realDonaldTrump,https://x.com/realDonaldTrump/status/1853210872631746636/photo/1,Image,https://pbs.twimg.com/media/GbftZrhboAAV7pd.jpg,2024-11-04 07-01-img_23.jpg,"NEBRASKA! In-person Early Voting ends tomorrow. Get out and vote! Together, we'll make this election #TooBigToRig!
https://t.co/fpykjyATCW https://t.co/OgEhM81Eol",33054,7756,1511
2024/11/3 23:20,Donald J. Trump,@realDonaldTrump,https://x.com/realDonaldTrump/status/1853094903498031279/video/1,Video,https://video.twimg.com/amplify_video/1853094724758061056/vid/avc1/1278x720/y25TNLaXNAqIJhoM.mp4?tag=16,2024-11-03 23-20-vid_24.mp4,https://t.co/BaOva7eFrF,93024,20938,3845
2024/11/3 8:19,Donald J. Trump,@realDonaldTrump,https://x.com/realDonaldTrump/status/1852868249492345218/photo/1,Image,https://pbs.twimg.com/media/Gba1zj_awAAkdYI.jpg,2024-11-03 08-19-img_28.jpg,OHIO! You have until tomorrow to vote early in-person! We need to make this election #TooBigToRig! https://t.co/vCq8PtebJ4 https://t.co/y7FmVf9M3d,47787,11186,2475
2024/11/3 3:39,Donald J. Trump,@realDonaldTrump,https://x.com/realDonaldTrump/status/1852797733595172974/photo/1,Image,https://pbs.twimg.com/media/GbZ1sUMawAAq2Zi.jpg,2024-11-03 03-39-img_31.jpg,"Today, I was thrilled to be back in beautiful North Carolina, with thousands of proud, hardworking American Patriots! With your VOTE on Tuesday, I WILL END INFLATION, I WILL STOP THE INVASION, and I WILL BRING BACK THE AMERICAN DREAM! https://t.co/czQRkZmr59 https://t.co/9rsDIB1YK4",117499,22070,5353
2024/11/4 23:03,Donald J. Trump,@realDonaldTrump,https://x.com/realDonaldTrump/status/1853452986854367694/video/1,Video,https://video.twimg.com/amplify_video/1853452834995400704/vid/avc1/1920x1080/z9mhl6L5WgbXUs2i.mp4?tag=16,2024-11-04 23-03-vid_13.mp4,"https://t.co/czQRkZmr59 
#FightForAmerica https://t.co/ucHm11wySj",78175,22094,3820
2024/11/3 3:39,Donald J. Trump,@realDonaldTrump,https://x.com/realDonaldTrump/status/1852797733595172974/photo/1,Image,https://pbs.twimg.com/media/GbZ1sUDagAAWKPe.jpg,2024-11-03 03-39-img_30.jpg,"Today, I was thrilled to be back in beautiful North Carolina, with thousands of proud, hardworking American Patriots! With your VOTE on Tuesday, I WILL END INFLATION, I WILL STOP THE INVASION, and I WILL BRING BACK THE AMERICAN DREAM! https://t.co/czQRkZmr59 https://t.co/9rsDIB1YK4",117499,22070,5353
2024/11/3 12:18,Donald J. Trump,@realDonaldTrump,https://x.com/realDonaldTrump/status/1852928257261555738/photo/1,Image,https://pbs.twimg.com/media/Gbbsa7MaIAAq4xn.jpg,2024-11-03 12-18-img_25.jpg,https://t.co/xE7d8Uo6qz,334786,44363,16346
2024/11/3 8:18,Donald J. Trump,@realDonaldTrump,https://x.com/realDonaldTrump/status/1852867994721947971/photo/1,Image,https://pbs.twimg.com/media/Gba1j1Ka0AAqtum.jpg,2024-11-03 08-18-img_29.jpg,NEW YORK! In-person early voting ends tomorrow! Let's #SwampTheVote and make this election #TooBigToRig! https://t.co/nRCsdCSvkK https://t.co/vwcg4xJb08,35843,8566,1898
2024/11/3 11:37,Donald J. Trump,@realDonaldTrump,https://x.com/realDonaldTrump/status/1852918109457518929/video/1,Video,https://video.twimg.com/amplify_video/1852916944388923392/vid/avc1/1280x720/b7d5iq3BIoR02BWy.mp4?tag=16,2024-11-03 11-37-vid_26.mp4,"Three beautiful MAGA RALLIES today in Gastonia, North Carolina, followed by Salem, Virginia—and this evening in Greensboro, North Carolina! On Tuesday, you have to stand up, and you have to tell Kamala that you’ve had enough, you can’t take anymore, “Kamala Harris, You’re Fired!” https://t.co/IUVfbyUUAC",169313,33208,7618
2024/11/3 8:42,Donald J. Trump,@realDonaldTrump,https://x.com/realDonaldTrump/status/1852873888956567844/video/1,Video,https://video.twimg.com/amplify_video/1852873810976083968/vid/avc1/1280x720/8_zzGslKfvjZlm2s.mp4?tag=16,2024-11-03 08-42-vid_27.mp4,"WHEN WE GET KNOCKED DOWN, WE DON’T STAY DOWN—WE GET UP AGAIN…

FIGHT!

FIGHT!!

FIGHT!!!

https://t.co/czQRkZmYUH https://t.co/yEXLPcsoYu",273924,54942,10597
2024/11/3 0:21,Donald J. Trump,@realDonaldTrump,https://x.com/realDonaldTrump/status/1852747752813265335/video/1,Video,https://video.twimg.com/amplify_video/1852747678566019072/vid/avc1/1280x720/1Je1mf5NK9zJr7lG.mp4?tag=16,2024-11-03 00-21-vid_34.mp4,"MY PROMISES TO AMERICA!
https://t.co/czQRkZmr59 https://t.co/kivoUYxG5B",75211,18732,5166
2024/11/2 7:17,Donald J. Trump,@realDonaldTrump,https://x.com/realDonaldTrump/status/1852490055106929089/photo/1,Image,https://pbs.twimg.com/media/GbVdoiLWQAAptsT.jpg,2024-11-02 07-17-img_38.jpg,"NORTH CAROLINA! Tomorrow is the last day to register to vote, and vote early in-person! #SwampTheVote https://t.co/oNXWVybWqe https://t.co/QLn1dPYTCS",40307,9539,2269
2024/11/3 3:39,Donald J. Trump,@realDonaldTrump,https://x.com/realDonaldTrump/status/1852797733595172974/photo/1,Image,https://pbs.twimg.com/media/GbZ1sUPbYAA0bxo.jpg,2024-11-03 03-39-img_33.jpg,"Today, I was thrilled to be back in beautiful North Carolina, with thousands of proud, hardworking American Patriots! With your VOTE on Tuesday, I WILL END INFLATION, I WILL STOP THE INVASION, and I WILL BRING BACK THE AMERICAN DREAM! https://t.co/czQRkZmr59 https://t.co/9rsDIB1YK4",117499,22070,5353
2024/11/2 1:38,Donald J. Trump,@realDonaldTrump,https://x.com/realDonaldTrump/status/1852404967929532923/photo/1,Image,https://pbs.twimg.com/media/GbUQfBzasAMEQbc.jpg,2024-11-02 01-38-img_41.jpg,Wishing everyone a Blessed and Happy All Saints’ Day! https://t.co/5VlPkCJ7M5,466594,56784,15251
2024/11/2 7:11,Donald J. Trump,@realDonaldTrump,https://x.com/realDonaldTrump/status/1852488733519745304/photo/1,Image,https://pbs.twimg.com/media/GbVcrcSWAAALhWb.jpg,2024-11-02 07-11-img_40.jpg,"VIRGINIA! In-person early voting ends tomorrow! Together, we can make this election #TooBigToRig! https://t.co/brJXkaPOYm https://t.co/DJX96jb8Nn",42654,10335,1903
2024/11/2 12:46,Donald J. Trump,@realDonaldTrump,https://x.com/realDonaldTrump/status/1852572937842282854/video/1,Video,https://video.twimg.com/amplify_video/1852572629711921152/vid/avc1/1920x1080/7pskTtwLOI7zK8a3.mp4?tag=16,2024-11-02 12-46-vid_35.mp4,"A GREAT DAY IN MICHIGAN &amp; WISCONSIN, THANK YOU—MAGA2024! https://t.co/czQRkZmr59 https://t.co/bo4SmHsvQF",93707,15591,5490
2024/11/2 12:33,Donald J. Trump,@realDonaldTrump,https://x.com/realDonaldTrump/status/1852569802725900547/photo/1,Image,https://pbs.twimg.com/media/GbWmacVWwAA55H7.jpg,2024-11-02 12-33-img_36.jpg,KAMALA BROKE IT—I WILL FIX IT! https://t.co/czQRkZmr59 https://t.co/MdJtxtfXiu,188464,26121,8903
2024/11/1 5:55,Donald J. Trump,@realDonaldTrump,https://x.com/realDonaldTrump/status/1852107222882619749/photo/1,Image,https://pbs.twimg.com/media/GbQBql_akAEDHUt.jpg,2024-11-01 05-55-img_44.jpg,ARIZONA! Tomorrow is the last day to vote early in-person. Make sure your voice is heard! #SwampTheVote https://t.co/1Uqu8wZQZH https://t.co/4CdzY4oSZZ,33496,7721,2216
2024/11/1 5:54,Donald J. Trump,@realDonaldTrump,https://x.com/realDonaldTrump/status/1852106979696873686/photo/1,Image,https://pbs.twimg.com/media/GbQBSSjbAAAEenx.jpg,2024-11-01 05-54-img_46.jpg,TEXAS! Make a plan to vote early in-person! Tomorrow is the last day to do so! Let's make this #TooBigToRig! https://t.co/o5yOJtj10V https://t.co/ckk6RxAZvY,32803,8485,1682
2024/11/1 5:55,Donald J. Trump,@realDonaldTrump,https://x.com/realDonaldTrump/status/1852107060756017282/photo/1,Image,https://pbs.twimg.com/media/GbQBhnYbEAAY-Tv.jpg,2024-11-01 05-55-img_45.jpg,GEORGIA! Vote early in-person! Tomorrow is the deadline. #SwampTheVote https://t.co/LEzOrPAt46 https://t.co/3zvwRvNwc6,30693,7643,1692
2024/11/2 7:38,Donald J. Trump,@realDonaldTrump,https://x.com/realDonaldTrump/status/1852495497665139021/video/1,Video,https://video.twimg.com/amplify_video/1852494900031369216/vid/avc1/1280x720/QRYuoYf41T3T4ERJ.mp4?tag=16,2024-11-02 07-38-vid_37.mp4,"TOGETHER—WE WILL FIGHT, FIGHT, FIGHT—and we will WIN, WIN, WIN! 4 DAYS UNTIL ELECTION DAY!! https://t.co/czQRkZmr59 https://t.co/uIcXbBnsUB",153001,29860,6524
2024/11/1 5:51,Donald J. Trump,@realDonaldTrump,https://x.com/realDonaldTrump/status/1852106140987068660/photo/1,Image,https://pbs.twimg.com/media/GbQAtDUakAMZQeW.jpg,2024-11-01 05-51-img_48.jpg,MICHIGAN! Tomorrow is the last day to request your absentee ballot. Let's make it #TooBigToRig! https://t.co/58KRK0T7qP https://t.co/gxEXC1qPxU,30870,7754,1459
2024/11/1 5:52,Donald J. Trump,@realDonaldTrump,https://x.com/realDonaldTrump/status/1852106305466700247/photo/1,Image,https://pbs.twimg.com/media/GbQA0pgakAAT4DG.jpg,2024-11-01 05-52-img_47.jpg,NEVADA! Make a plan to vote early in-person! Tomorrow is the deadline! #TooBigToRig https://t.co/7selce9Wnf https://t.co/OHB6E5OwND,30074,7154,1701
2024/11/1 1:11,Donald J. Trump,@realDonaldTrump,https://x.com/realDonaldTrump/status/1852035731587203507/video/1,Video,https://video.twimg.com/amplify_video/1852035075149565952/vid/avc1/1920x1080/pTZM1yG_RgC4WJvm.mp4?tag=16,2024-11-01 01-11-vid_49.mp4,https://t.co/xic0NzQ4XZ,88091,13609,7695
2024/10/31 11:31,Donald J. Trump,@realDonaldTrump,https://x.com/realDonaldTrump/status/1851829411643040200/video/1,Video,https://video.twimg.com/amplify_video/1851829093760929792/vid/avc1/1920x1080/bQEjcJ3u9CvBa7IL.mp4?tag=16,2024-10-31 11-31-vid_51.mp4,“WARS ARE RAGING—THE WORLD IS SPINNING OUT OF CONTROL WITH KAMALA IN CHARGE…” https://t.co/cGhB1AqqWz,149415,35804,6489
2024/10/31 4:55,Donald J. Trump,@realDonaldTrump,https://x.com/realDonaldTrump/status/1851729625959047550/photo/1,Image,https://pbs.twimg.com/media/GbKqQdGakAEZ9kO.jpg,2024-10-31 04-55-img_52.jpg,"BREAKING NEWS IN BUCKS COUNTY, PENNSYLVANIA! 
https://t.co/w4VwgLQBkk https://t.co/79X5fFJ0zi",84473,24141,3112
2024/11/1 13:23,Donald J. Trump,@realDonaldTrump,https://x.com/realDonaldTrump/status/1852219997679943946/video/1,Video,https://video.twimg.com/amplify_video/1852219905229135873/vid/avc1/1280x720/e6-cX_Ht14zFGStJ.mp4?tag=16,2024-11-01 13-23-vid_42.mp4,"A GREAT DAY IN NEW MEXICO, NEVADA, AND ARIZONA—THANK YOU! With your VOTE this November, we are going to Fire Kamala, and we are going to SAVE AMERICA! https://t.co/it2RzNy3fC https://t.co/iqM6c5PAji",133832,25064,5499
2024/10/31 3:48,Donald J. Trump,@realDonaldTrump,https://x.com/realDonaldTrump/status/1851712848352940308/photo/1,Image,https://pbs.twimg.com/media/GbKbBJvXcAASt3U.jpg,2024-10-31 03-48-img_53.jpg,MAINE! The last day for voter registration and early in-person voting is tomorrow! Get out and #SwampTheVote! https://t.co/gCPZXSpbZm https://t.co/1IqvrMbWCT,34564,8659,1990
2024/11/4 7:28,Donald J. Trump,@realDonaldTrump,https://x.com/realDonaldTrump/status/1853217640032223660/video/1,Video,https://video.twimg.com/amplify_video/1853217163454332928/vid/avc1/1280x720/4akA0qL0gDTZQvJF.mp4?tag=16,2024-11-04 07-28-vid_20.mp4,"KAMALA BROKE IT, BUT I WILL FIX IT! With your VOTE, inflation will END. The border will be SAFE &amp; SECURE. We will have PEACE across the globe. WITH YOUR VOTE, AMERICA WILL ENTER A NEW GOLDEN AGE! Vote TRUMP to MAKE AMERICA GREAT AGAIN! #BringBackTrump https://t.co/q8n2Y21PYw",145414,30925,6764
2024/11/4 7:02,Donald J. Trump,@realDonaldTrump,https://x.com/realDonaldTrump/status/1853211213133689205/photo/1,Image,https://pbs.twimg.com/media/GbfttLDbUAATW-R.jpg,2024-11-04 07-02-img_22.jpg,MONTANA! You have until tomorrow to vote in-person and request your absentee ballot! Let's #SwampTheVote! https://t.co/azx46QiJo0 https://t.co/zGMIaZOLcf,36531,8820,1528
2024/10/31 12:29,Donald J. Trump,@realDonaldTrump,https://x.com/realDonaldTrump/status/1851843956557967611/video/1,Video,https://video.twimg.com/amplify_video/1851843862890770432/vid/avc1/1920x1080/OWB2oCzoJc6ZWPxi.mp4?tag=16,2024-10-31 12-29-vid_50.mp4,YOU CAN’T LEAD AMERICA IF YOU DON’T LOVE AMERICANS—AND YOU CAN’T BE PRESIDENT IF YOU HATE THE AMERICAN PEOPLE! https://t.co/czQRkZmr59 https://t.co/Uyebi7s6ih,155519,36626,9237
2024/11/3 3:39,Donald J. Trump,@realDonaldTrump,https://x.com/realDonaldTrump/status/1852797733595172974/photo/1,Image,https://pbs.twimg.com/media/GbZ1sUUb0AAHBtA.jpg,2024-11-03 03-39-img_32.jpg,"Today, I was thrilled to be back in beautiful North Carolina, with thousands of proud, hardworking American Patriots! With your VOTE on Tuesday, I WILL END INFLATION, I WILL STOP THE INVASION, and I WILL BRING BACK THE AMERICAN DREAM! https://t.co/czQRkZmr59 https://t.co/9rsDIB1YK4",117499,22070,5353
2024/11/2 7:14,Donald J. Trump,@realDonaldTrump,https://x.com/realDonaldTrump/status/1852489333577797654/photo/1,Image,https://pbs.twimg.com/media/GbVdEEJWUAAqqXg.jpg,2024-11-02 07-14-img_39.jpg,"FLORIDA! In-person early voting ends tomorrow—Make a plan to VOTE. Together, we will MAKE AMERICA GREAT AGAIN! https://t.co/inz0ACGd5v https://t.co/0X5FEtkYen",41925,9665,2088
2024/11/1 11:07,Donald J. Trump,@realDonaldTrump,https://x.com/realDonaldTrump/status/1852185579968172140/video/1,Video,https://video.twimg.com/amplify_video/1852184806156836864/vid/avc1/1920x1080/vX8ISsQiR_nRFrH3.mp4?tag=16,2024-11-01 11-07-vid_43.mp4,"TOGETHER, WE WILL MAKE AMERICA GREAT AGAIN! https://t.co/czQRkZmYUH https://t.co/x8CrRhogdx",146631,33553,8815
2024/11/4 11:35,Donald J. Trump,@realDonaldTrump,https://x.com/realDonaldTrump/status/1853279976193507602/video/1,Video,https://video.twimg.com/amplify_video/1853276203605749760/vid/avc1/1920x1080/Vb7KegQr2p6CA0Wd.mp4?tag=16,2024-11-04 11-35-vid_18.mp4,"Mimi Ramirez-Rodriguez was kidnapped and murdered by an illegal alien—leaving behind a 9 year-old girl. I met her grieving mom Carmen tonight in Georgia. With your vote Tuesday, we will end Kamala’s invasion and we will not allow illegals to spill one more drop of American blood. https://t.co/BEt6r0LvNy",152134,33482,5320
2024/10/30 4:15,Donald J. Trump,@realDonaldTrump,https://x.com/realDonaldTrump/status/1851357098023797034/photo/1,Image,https://pbs.twimg.com/media/GbFXd-JXAAAY3WZ.jpg,2024-10-30 04-15-img_57.jpg,"Pennsylvania, today, October 29th, is the last day to vote in-person by mail! I need you to VOTE, VOTE, VOTE! Don’t let anyone stop you from voting. 

Stay in line, don’t let anyone turn you away and silence your voice. We need to make it TOO BIG TO RIG! If you’re in https://t.co/KfFhb1bMbV",77420,18353,3493
2024/10/29 23:19,Donald J. Trump,@realDonaldTrump,https://x.com/realDonaldTrump/status/1851282812747321569/video/1,Video,https://video.twimg.com/amplify_video/1851282721466679297/vid/avc1/568x320/fHxwK9ht0qLTo3FW.mp4?tag=16,2024-10-29 23-19-vid_58.mp4,https://t.co/BeYnSNshRr,195489,35908,5730
2024/10/29 23:01,Donald J. Trump,@realDonaldTrump,https://x.com/realDonaldTrump/status/1851278222790451625/photo/1,Image,https://pbs.twimg.com/media/GbEPuQJW8AArs0T.jpg,2024-10-29 23-01-img_59.jpg,"PENNSYLVANIA! Early Voting ends TODAY! Make sure to get out and make your voice heard, let's make it #TooBigToRig! https://t.co/lSe9t2AdWC https://t.co/bXOiOrsLfj",30648,7339,1865
2024/10/31 3:45,Donald J. Trump,@realDonaldTrump,https://x.com/realDonaldTrump/status/1851712141918666830/photo/1,Image,https://pbs.twimg.com/media/GbKaX9wWgAAZ7xk.jpg,2024-10-31 03-45-img_54.jpg,WISCONSIN! Tomorrow is the last day to request an absentee mail-in ballot! Let's make this election #TooBigToRig! https://t.co/9Jl169BeZV https://t.co/DncX1Zn0Gb,38998,10167,2002
2024/10/29 22:59,Donald J. Trump,@realDonaldTrump,https://x.com/realDonaldTrump/status/1851277747521233365/photo/1,Image,https://pbs.twimg.com/media/GbEPS11XIAABUZO.jpg,2024-10-29 22-59-img_60.jpg,OHIO! Today is the deadline to request your absentee ballot. Let's make this #TooBigToRig! https://t.co/5rmyQmxExy https://t.co/K8iVLYqtHs,31574,8009,1738
2024/10/29 22:59,Donald J. Trump,@realDonaldTrump,https://x.com/realDonaldTrump/status/1851277576062296322/photo/1,Image,https://pbs.twimg.com/media/GbEPIwcXMAEGI0z.jpg,2024-10-29 22-59-img_61.jpg,NORTH CAROLINA! Today is the last day to request your absentee ballot! #SwampTheVote https://t.co/b2dXAlUSlw https://t.co/AhUBc0vA67,27352,6171,1550
2024/10/30 5:56,Donald J. Trump,@realDonaldTrump,https://x.com/realDonaldTrump/status/1851382501891326344/video/1,Video,https://video.twimg.com/amplify_video/1851382406009266176/vid/avc1/1280x720/uRmLXqGmK85zlgrS.mp4?tag=16,2024-10-30 05-56-vid_56.mp4,GET OUT &amp; VOTE EARLY! https://t.co/LCHQU6zUsZ https://t.co/0dndZGXSIN,46766,11998,3501
2024/10/30 22:39,Donald J. Trump,@realDonaldTrump,https://x.com/realDonaldTrump/status/1851635149403718140/video/1,Video,https://video.twimg.com/amplify_video/1851634519012732928/vid/avc1/1920x1080/5mgNebfr9QppzI1A.mp4?tag=16,2024-10-30 22-39-vid_55.mp4,"""KAMALA BACKED BIDEN ON EVERYTHING!"" https://t.co/o0fa5ouAYy",89747,20470,5512
2024/10/27 3:02,Donald J. Trump,@realDonaldTrump,https://x.com/realDonaldTrump/status/1850251711937405027/photo/1,Image,https://pbs.twimg.com/media/Ga1qHEHXwAABApm.jpg,2024-10-27 03-02-img_66.jpg,MICHIGAN! The time to vote in-person is now! Get out and #SwampTheVote. Let's make this election #TooBigToRig. https://t.co/58KRK0SzBh https://t.co/fL4S1IPJ14,52080,12393,3129
2024/10/27 8:00,Donald J. Trump,@realDonaldTrump,https://x.com/realDonaldTrump/status/1850326584537858393/photo/1,Image,https://pbs.twimg.com/media/Ga2uNjCWMAAh1N-.jpg,2024-10-27 08-00-img_65.jpg,WHEN I’M PRESIDENT THE MCDONALD’S ICE CREAM MACHINES WILL WORK GREAT AGAIN! https://t.co/jqdyMpgnLF,852011,95480,20228
2024/10/26 7:47,Donald J. Trump,@realDonaldTrump,https://x.com/realDonaldTrump/status/1849960909902635411/video/1,Video,https://video.twimg.com/amplify_video/1849960597506621442/vid/avc1/1280x720/4b-U7tc4PHN6CxeO.mp4?tag=16,2024-10-26 07-47-vid_67.mp4,KAMALA HARRIS is JOE BIDEN… https://t.co/3luttP1xlE,147920,33671,6665
2024/10/27 23:34,Donald J. Trump,@realDonaldTrump,https://x.com/realDonaldTrump/status/1850561768596095072/video/1,Video,https://video.twimg.com/amplify_video/1850561366886588416/vid/avc1/1920x1080/cZFZ1pE3oNWb9a8R.mp4?tag=16,2024-10-27 23-34-vid_63.mp4,MAKE AMERICA GREAT AGAIN! https://t.co/S89mPbTCY9,166055,35836,8931
2024/10/27 12:01,Donald J. Trump,@realDonaldTrump,https://x.com/realDonaldTrump/status/1850387415199842485/video/1,Video,https://video.twimg.com/amplify_video/1850387194646605824/vid/avc1/1920x1080/3PPLuhr7elPTKLHN.mp4?tag=16,2024-10-27 12-01-vid_64.mp4,“Kamala Backed Biden on Everything” https://t.co/Botpmko7ar,139998,33060,6082
2024/10/29 1:56,Donald J. Trump,@realDonaldTrump,https://x.com/realDonaldTrump/status/1850959842002792656/video/1,Video,https://video.twimg.com/amplify_video/1850959250677198848/vid/avc1/1280x720/brJbwzzbErZZgA3p.mp4?tag=16,2024-10-29 01-56-vid_62.mp4,https://t.co/n4F5AqHwU7,114737,33465,7754
2024/10/26 4:25,Donald J. Trump,@realDonaldTrump,https://x.com/realDonaldTrump/status/1849910087009063269/video/1,Video,https://video.twimg.com/amplify_video/1849906922704543745/vid/avc1/1280x720/WHHLik_8Eqzkybht.mp4?tag=16,2024-10-26 04-25-vid_69.mp4,"I was joined this afternoon in Austin, Texas by Alexis Nungaray, whose 12-year-old daughter Jocelyn was murdered by illegal aliens let in under Kamala Harris. We will NEVER FORGET Jocelyn, we’ve all seen her picture, it’s blazed into our minds forever. https://t.co/LeFoWbkGHF",227078,44234,6510
2024/10/25 5:23,Donald J. Trump,@realDonaldTrump,https://x.com/realDonaldTrump/status/1849562273997803984/photo/1,Image,https://pbs.twimg.com/media/Gar3FXKaAAAdzQX.jpg,2024-10-25 05-23-img_72.jpg,https://t.co/czQRkZmYUH https://t.co/9HYfb0yVfv,284355,42427,8005
2024/10/26 4:49,Donald J. Trump,@realDonaldTrump,https://x.com/realDonaldTrump/status/1849916147778584830/video/1,Video,https://video.twimg.com/amplify_video/1849916040983072769/vid/avc1/1280x720/lIbPQhw0rWGWHFUu.mp4?tag=16,2024-10-26 04-49-vid_68.mp4,"“16,000 BORDER PATROL OFFICERS ENDORSE TRUMP FOR PRESIDENT OF THE UNITED STATES OF AMERICA” https://t.co/vBDKMlux0D",277319,47135,7505
2024/10/26 3:16,Donald J. Trump,@realDonaldTrump,https://x.com/realDonaldTrump/status/1849892699630891188/photo/1,Image,https://pbs.twimg.com/media/GawjmPSXUAAdzkS.jpg,2024-10-26 03-16-img_70.jpg,https://t.co/bue2vilZ8R,74592,14034,4626
2024/10/25 5:33,Donald J. Trump,@realDonaldTrump,https://x.com/realDonaldTrump/status/1849564869630234660/photo/1,Image,https://pbs.twimg.com/media/Gar5ch2aAAMLrcC.jpg,2024-10-25 05-33-img_71.jpg,"See you tonight, LAS VEGAS, NEVADA! Join me at the UNLV Thomas &amp; Mack Arena at 7:00pmPDT—See you soon! 

Get your tickets at: https://t.co/a1M9NJqUhG https://t.co/qQQ7Ta2Beb",51156,8861,3461
2024/10/24 2:27,Donald J. Trump,@realDonaldTrump,https://x.com/realDonaldTrump/status/1849155798254928262/photo/1,Image,https://pbs.twimg.com/media/GamFYR0WAAEn0yv.jpg,2024-10-24 02-27-img_76.jpg,"??ATTENTION GEORGIA??
https://t.co/LEzOrPzVey https://t.co/B9jSd2XFFl",34693,8723,2426
2024/10/25 2:33,Donald J. Trump,@realDonaldTrump,https://x.com/realDonaldTrump/status/1849519713274957963/video/1,Video,https://video.twimg.com/amplify_video/1849519439152287744/vid/avc1/1280x720/12SWXf-QCPSqQEgZ.mp4?tag=16,2024-10-25 02-33-vid_73.mp4,"A Great Hero, THANK YOU. SUCH AN HONOR! https://t.co/v8xYpvjEEI",180028,30073,6005
2024/10/24 2:27,Donald J. Trump,@realDonaldTrump,https://x.com/realDonaldTrump/status/1849155597939122305/photo/1,Image,https://pbs.twimg.com/media/GamFMH7XQAI_sL9.jpg,2024-10-24 02-27-img_77.jpg,"??ATTENTION FLORIDA??
https://t.co/nLFV2S66ba https://t.co/jQ24ZRNBRU",46954,11014,2646
2024/10/24 3:39,Donald J. Trump,@realDonaldTrump,https://x.com/realDonaldTrump/status/1849173730989166829/photo/1,Image,https://pbs.twimg.com/media/GamVtQlWsAADdsc.jpg,2024-10-24 03-39-img_75.jpg,"??ATTENTION MONTANA??
https://t.co/uQyrA8uM7A https://t.co/QVYMVr3sgx",39092,10034,2360
2024/10/24 2:25,Donald J. Trump,@realDonaldTrump,https://x.com/realDonaldTrump/status/1849155199044051445/photo/1,Image,https://pbs.twimg.com/media/GamE0gsXYAErEqo.jpg,2024-10-24 02-25-img_79.jpg,"??ATTENTION WISCONSIN??
https://t.co/QZ2C0C1kWB https://t.co/B6Fbyx4o2C",31444,8238,1727
2024/10/24 11:36,Donald J. Trump,@realDonaldTrump,https://x.com/realDonaldTrump/status/1849293808506183814/video/1,Video,https://video.twimg.com/amplify_video/1849289247892684800/vid/avc1/1920x1080/2HQFsQ4-a5bpPfEj.mp4?tag=16,2024-10-24 11-36-vid_74.mp4,“WE CAN’T AFFORD FOUR MORE YEARS OF KAMALA!” https://t.co/MyGHLFJRNt,93458,20423,8814
2024/10/24 2:26,Donald J. Trump,@realDonaldTrump,https://x.com/realDonaldTrump/status/1849155366514241793/photo/1,Image,https://pbs.twimg.com/media/GamE9cBX0AAWH_y.jpg,2024-10-24 02-26-img_78.jpg,"??ATTENTION MICHIGAN??
https://t.co/58KRK0SzBh https://t.co/1TnIrluEpo",37919,8928,1989
2024/10/24 2:24,Donald J. Trump,@realDonaldTrump,https://x.com/realDonaldTrump/status/1849154987323965704/photo/1,Image,https://pbs.twimg.com/media/GamEo8bWIAAtPnz.jpg,2024-10-24 02-24-img_80.jpg,"??ATTENTION MAINE??
https://t.co/gCPZXSoE9O https://t.co/PpnMNqC6WU",28792,7380,1501
2024/10/23 6:03,Donald J. Trump,@realDonaldTrump,https://x.com/realDonaldTrump/status/1848847571076165991/video/1,Video,https://video.twimg.com/amplify_video/1848847074948702208/vid/avc1/1920x1080/ilecc7Zz9kcZW-uY.mp4?tag=16,2024-10-23 06-03-vid_84.mp4,"While Kamala said that people who believe in Jesus don’t belong to her rallies, in our Movement—We love Christians, we welcome believers, and we embrace followers of Jesus… https://t.co/KembUFlydI",337991,58668,14201
2024/10/22 5:32,Donald J. Trump,@realDonaldTrump,https://x.com/realDonaldTrump/status/1848477601469501771/video/1,Video,https://video.twimg.com/amplify_video/1848477446238310405/vid/avc1/576x1024/P_rkGOVXspZrl-cs.mp4?tag=16,2024-10-22 05-32-vid_86.mp4,https://t.co/KcX110s5g7,248423,32239,5670
2024/10/24 1:49,Donald J. Trump,@realDonaldTrump,https://x.com/realDonaldTrump/status/1849146123753071049/video/1,Video,https://video.twimg.com/amplify_video/1849144170897698816/vid/avc1/1532x720/TNvvmAUAEdhoWL-D.mp4?tag=16,2024-10-24 01-49-vid_81.mp4,I JUST ASK ONE SIMPLE QUESTION—WHY DIDN’T SHE DO IT? WHY HASN’T SHE DONE IT? SHE’S BEEN THERE FOR THREE AND A HALF YEARS… https://t.co/YRjciWnAo5,249188,55827,14706
2024/10/23 12:39,Donald J. Trump,@realDonaldTrump,https://x.com/realDonaldTrump/status/1848947268595957885/video/1,Video,https://video.twimg.com/amplify_video/1848946856492924928/vid/avc1/1920x1080/36ivqK8EzCde--yQ.mp4?tag=16,2024-10-23 12-39-vid_83.mp4,Kamala Harris: “There’s NO QUESTION I’m in favor of BANNING FRACKING.” https://t.co/UNtYK0is2P,119471,29037,5591
2024/10/21 21:11,Donald J. Trump,@realDonaldTrump,https://x.com/realDonaldTrump/status/1848351450998665462/video/1,Video,https://video.twimg.com/amplify_video/1848342873713889280/vid/avc1/1920x1080/eTM2SXbc2k0zmuF5.mp4?tag=16,2024-10-21 21-11-vid_87.mp4,“TRUMP WILL END THE TAX ON SOCIAL SECURITY” https://t.co/zfsfuIfiHq,102657,23379,5109
2024/10/23 18:35,Donald J. Trump,@realDonaldTrump,https://x.com/realDonaldTrump/status/1849036886439829637/video/1,Video,https://video.twimg.com/amplify_video/1849036814507458560/vid/avc1/1280x720/eaDBAe3bKEHOjoRg.mp4?tag=16,2024-10-23 18-35-vid_82.mp4,“KAMALA HARRIS AND DEMOCRATS ARE ALL-IN ON DEFUNDING AND DEMORALIZING POLICE…” https://t.co/cUVCWzGiCI,110300,30119,6346
2024/10/21 6:47,Donald J. Trump,@realDonaldTrump,https://x.com/realDonaldTrump/status/1848134050570969490/video/1,Video,https://video.twimg.com/amplify_video/1848133979880267776/vid/avc1/576x1024/B5uS5UAEin419MXO.mp4?tag=16,2024-10-21 06-47-vid_89.mp4,https://t.co/MWEUVcY6YG,421652,55999,11125
2024/10/20 20:52,Donald J. Trump,@realDonaldTrump,https://x.com/realDonaldTrump/status/1847984248092762622/video/1,Video,https://video.twimg.com/amplify_video/1847984171240579072/vid/avc1/1278x720/Y3tk_BQQYdSY7DfQ.mp4?tag=16,2024-10-20 20-52-vid_92.mp4,“KAMALA’S AGENDA IS THEY/THEM—NOT YOU!” https://t.co/ciIOk5IFSx,150450,33556,5272
2024/10/22 9:47,Donald J. Trump,@realDonaldTrump,https://x.com/realDonaldTrump/status/1848541545601064974/video/1,Video,https://video.twimg.com/amplify_video/1848540839519391748/vid/avc1/1920x1080/-oYHQ2cZXHzuNwkS.mp4?tag=16,2024-10-22 09-47-vid_85.mp4,“PRESIDENT TRUMP WARNED US!” https://t.co/6oSVDd1wXg,96862,25746,6929
2024/10/20 21:48,Donald J. Trump,@realDonaldTrump,https://x.com/realDonaldTrump/status/1847998320301511163/video/1,Video,https://video.twimg.com/amplify_video/1847998259882553344/vid/avc1/1280x720/F23-8G5S14Y4cwjm.mp4?tag=16,2024-10-20 21-48-vid_91.mp4,“KAMALA WON’T CHANGE A THING” https://t.co/3ufEUIGfJ0,124469,25403,5339
2024/10/20 3:32,Donald J. Trump,@realDonaldTrump,https://x.com/realDonaldTrump/status/1847722583422071127/photo/1,Image,https://pbs.twimg.com/media/GaRt5T4XQAAyuqA.jpg,2024-10-20 03-32-img_94.jpg,"Melania // #1 New York Times Best Seller!!! Congratulations to my beautiful wife who created a wonderful book filled with new stories and photos about her life, our family, and the time she spent as your First Lady. https://t.co/jLSqKtqj5l https://t.co/9Bn6rDQOaq",65824,10653,4648
2024/10/16 22:16,Donald J. Trump,@realDonaldTrump,https://x.com/realDonaldTrump/status/1846555724182086106/photo/1,Image,https://pbs.twimg.com/media/GaBIlcxWQAAjOd-.jpg,2024-10-16 22-16-img_97.jpg,"This Saturday, October 19, 2024, is the 40th Anniversary of the Martyrdom of Father Jerzy Popie?uszko, a truly great Catholic priest, who was the source of tremendous spiritual strength for the Polish Solidarity Movement and, indeed, the entire nation of Poland, in the 1980s. https://t.co/9HIFtRQbka",95725,18318,4622
2024/10/21 12:09,Donald J. Trump,@realDonaldTrump,https://x.com/realDonaldTrump/status/1848215009689768308/photo/1,Image,https://pbs.twimg.com/media/GaYtu68agAAZqi5.jpg,2024-10-21 12-09-img_88.jpg,https://t.co/YkLtEaC3OI,1415059,123769,32585
2024/10/17 7:18,Donald J. Trump,@realDonaldTrump,https://x.com/realDonaldTrump/status/1846692225251680685/video/1,Video,https://video.twimg.com/amplify_video/1846692169152614400/vid/avc1/1280x720/sX_dL0KAQ9U0kE1R.mp4?tag=16,2024-10-17 07-18-vid_96.mp4,“KAMALA WOULDN’T CHANGE A THING” https://t.co/0PYlKxh1LT,125890,31220,8010
2024/10/16 22:16,Donald J. Trump,@realDonaldTrump,https://x.com/realDonaldTrump/status/1846555724182086106/photo/1,Image,https://pbs.twimg.com/media/GaBIlcsXQAEm8Gj.jpg,2024-10-16 22-16-img_100.jpg,"This Saturday, October 19, 2024, is the 40th Anniversary of the Martyrdom of Father Jerzy Popie?uszko, a truly great Catholic priest, who was the source of tremendous spiritual strength for the Polish Solidarity Movement and, indeed, the entire nation of Poland, in the 1980s. https://t.co/9HIFtRQbka",95725,18318,4622
2024/10/16 22:16,Donald J. Trump,@realDonaldTrump,https://x.com/realDonaldTrump/status/1846555724182086106/photo/1,Image,https://pbs.twimg.com/media/GaBIlcsW4AAC7BU.jpg,2024-10-16 22-16-img_99.jpg,"This Saturday, October 19, 2024, is the 40th Anniversary of the Martyrdom of Father Jerzy Popie?uszko, a truly great Catholic priest, who was the source of tremendous spiritual strength for the Polish Solidarity Movement and, indeed, the entire nation of Poland, in the 1980s. https://t.co/9HIFtRQbka",95725,18318,4622
2024/10/19 5:54,Donald J. Trump,@realDonaldTrump,https://x.com/realDonaldTrump/status/1847395758124761405/video/1,Video,https://video.twimg.com/amplify_video/1847395620882878464/vid/avc1/640x360/BFtnyMI-7xiSufSA.mp4?tag=16,2024-10-19 05-54-vid_95.mp4,10/17 | AL SMITH DINNER… https://t.co/XxDHguCu9k,124090,24147,5829
2024/10/20 9:19,Donald J. Trump,@realDonaldTrump,https://x.com/realDonaldTrump/status/1847809866649235730/video/1,Video,https://video.twimg.com/amplify_video/1847809442953187328/vid/avc1/1280x720/r3feamVVFAFKnR66.mp4?tag=16,2024-10-20 09-19-vid_93.mp4,"After years of building up foreign countries, we are finally going to build up our Country, defend our borders, and protect our cities. We will not be invaded. We will not be occupied. We will not be conquered. We will be a free and proud nation once again! https://t.co/LqWWxBdhET",236845,45033,8911
2024/10/16 7:04,Donald J. Trump,@realDonaldTrump,https://x.com/realDonaldTrump/status/1846326266011762820/video/1,Video,https://video.twimg.com/amplify_video/1846326125552611328/vid/avc1/1280x720/p11uN5fyuybIfmbm.mp4?tag=16,2024-10-16 07-04-vid_101.mp4,Today’s the day! @WorldLibertyFi token sale is live. Get your $WLFI tokens now. Purchase $WLFI here: https://t.co/jg1tOaHHBy https://t.co/j8ewxa13wp,44963,8251,8161
2024/10/15 13:04,Donald J. Trump,@realDonaldTrump,https://x.com/realDonaldTrump/status/1846054604556865782/video/1,Video,https://video.twimg.com/amplify_video/1846054331151187968/vid/avc1/1920x1080/Vz6LBM3MqNrvUhJi.mp4?tag=16,2024-10-15 13-04-vid_102.mp4,https://t.co/FnRfEOo2Tt,191394,43910,5808
2024/10/21 6:44,Donald J. Trump,@realDonaldTrump,https://x.com/realDonaldTrump/status/1848133172459970889/video/1,Video,https://video.twimg.com/amplify_video/1848131034300227584/vid/avc1/1280x720/WwCinzscuvcrLiPz.mp4?tag=16,2024-10-21 06-44-vid_90.mp4,MAKE AMERICA GREAT AGAIN! https://t.co/rA5FwAQWFy,312257,46811,10723
2024/10/15 3:18,Donald J. Trump,@realDonaldTrump,https://x.com/realDonaldTrump/status/1845907087257129253/video/1,Video,https://video.twimg.com/amplify_video/1845906913503903744/vid/avc1/1920x1080/WjTDaWLAYfl144UH.mp4?tag=16,2024-10-15 03-18-vid_103.mp4,COMING TO A TV NEAR YOU… https://t.co/FoYIoEgVGj,131110,32020,6833
2024/10/14 2:22,Donald J. Trump,@realDonaldTrump,https://x.com/realDonaldTrump/status/1845530614726025657/video/1,Video,https://video.twimg.com/amplify_video/1845530514591272960/vid/avc1/1920x1080/JFccUj4bAivnYmt6.mp4?tag=16,2024-10-14 02-22-vid_106.mp4,"After all we have been through TOGETHER, we stand on the verge of the 4 GREATEST years in the HISTORY of our COUNTRY. With your help from now until Election Day, we will redeem America’s Promise, and we will take back the NATION that we LOVE. November 5th will be the most https://t.co/XGrB28fwQ5",218201,42765,9275
2024/10/14 12:55,Donald J. Trump,@realDonaldTrump,https://x.com/realDonaldTrump/status/1845689815808766439/video/1,Video,https://video.twimg.com/amplify_video/1845689733801754629/vid/avc1/1920x1080/RBSY2eH4LeDWMBwx.mp4?tag=16,2024-10-14 12-55-vid_104.mp4,"A GREAT HONOR, THANK YOU! https://t.co/lPoC0uQw6d",154919,25929,5218
2024/10/13 13:57,Donald J. Trump,@realDonaldTrump,https://x.com/realDonaldTrump/status/1845343182458061298/video/1,Video,https://video.twimg.com/amplify_video/1845343080066449418/vid/avc1/960x540/hLjjE9BbmXViFUGG.mp4?tag=16,2024-10-13 13-57-vid_108.mp4,WE WILL NOT HAVE A WOKE MILITARY! https://t.co/zpWZhSKcEs,275665,43578,13745
2024/10/12 11:03,Donald J. Trump,@realDonaldTrump,https://x.com/realDonaldTrump/status/1844936990023950395/photo/1,Image,https://pbs.twimg.com/media/GZqIZp2aAAE5k8-.jpg,2024-10-12 11-03-img_110.jpg,"From the very beginning of this journey, I have been on a mission to rescue our nation from a failed and corrupt political establishment. 

I will NEVER QUIT, I will NEVER BEND, I will NEVER BREAK, and I will NEVER YIELD, not even in the face of death itself! https://t.co/K1XyaB6wzn",304574,60136,17568
2024/10/14 8:27,Donald J. Trump,@realDonaldTrump,https://x.com/realDonaldTrump/status/1845622336785125394/video/1,Video,https://video.twimg.com/amplify_video/1845622226768330757/vid/avc1/1280x720/t6GLlDPcE6tqhnhQ.mp4?tag=16,2024-10-14 08-27-vid_105.mp4,"Thank you to the 16,000 Border Patrol Officers for your COMPLETE ENDORSEMENT and SUPPORT! https://t.co/JWt4sAC6jT",327588,53014,7946
2024/10/13 3:52,Donald J. Trump,@realDonaldTrump,https://x.com/realDonaldTrump/status/1845190828764905674/photo/1,Image,https://pbs.twimg.com/media/GZtvRecXkAEbRyL.jpg,2024-10-13 03-52-img_109.jpg,????NEW CPI DATA???? https://t.co/5WdYRcSmWv,148860,43440,9226
2024/10/14 1:58,Donald J. Trump,@realDonaldTrump,https://x.com/realDonaldTrump/status/1845524423123886339/video/1,Video,https://video.twimg.com/amplify_video/1845524002426744832/vid/avc1/1920x1080/uikFJoNbyIecIllk.mp4?tag=16,2024-10-14 01-58-vid_107.mp4,"A beautiful evening in Coachella, California last night. Thank you! https://t.co/zTbN7zpAWl",260973,31539,8873
2024/10/11 20:22,Donald J. Trump,@realDonaldTrump,https://x.com/realDonaldTrump/status/1844715071450013798/video/1,Video,https://video.twimg.com/amplify_video/1844715005586952201/vid/avc1/886x482/z9Vhb_TgZHl6xYGL.mp4?tag=16,2024-10-11 20-22-vid_112.mp4,https://t.co/GdWF70dzsb,67490,16518,3289
2024/10/11 10:34,Donald J. Trump,@realDonaldTrump,https://x.com/realDonaldTrump/status/1844567131112751389/video/1,Video,https://video.twimg.com/amplify_video/1844566410736922637/vid/avc1/1280x720/iU9cVyCWQnUiT2Lz.mp4?tag=16,2024-10-11 10-34-vid_114.mp4,"The Trump-endorsed Senate Candidate in Arizona, @KariLake, crushed her Liberal Democrat Opponent last night, Radical Ruben Gallego. Kari will help me Secure our Border, Stop Inflation, and MAKE AMERICA GREAT AGAIN! In-person and absentee voting has now started in Arizona, so get https://t.co/BspNbR8AFW",137149,30057,4545
2024/10/12 2:43,Donald J. Trump,@realDonaldTrump,https://x.com/realDonaldTrump/status/1844811140943183900/video/1,Video,https://video.twimg.com/amplify_video/1844810350492848132/vid/avc1/1920x1080/P_--pLJ9bOd-Wls9.mp4?tag=16,2024-10-12 02-43-vid_111.mp4,"“AMERICA IS BEING INVADED—END THE OCCUPATION, LIBERATE AMERICA!”

https://t.co/czQRkZmYUH https://t.co/AORfYwBDjR",123187,32761,9564
2024/10/11 10:08,Donald J. Trump,@realDonaldTrump,https://x.com/realDonaldTrump/status/1844560697838927971/video/1,Video,https://video.twimg.com/amplify_video/1844560617228681216/vid/avc1/1278x720/kEjoROdyH6pslhoN.mp4?tag=16,2024-10-11 10-08-vid_115.mp4,“HARRIS WILL BAN ALL FRACKING” https://t.co/ug8OjwsnvU,67677,15724,5112
2024/10/11 7:09,Donald J. Trump,@realDonaldTrump,https://x.com/realDonaldTrump/status/1844515551420559603/video/1,Video,https://video.twimg.com/amplify_video/1844515440220844045/vid/avc1/640x360/E1AAZRpAsqhETFTi.mp4?tag=16,2024-10-11 07-09-vid_118.mp4,"Today, I am also announcing that as part of our TAX CUTS, we will make interest on car loans FULLY DEDUCTIBLE… https://t.co/q5RUbo0lRO",239514,38432,11465
2024/10/11 7:24,Donald J. Trump,@realDonaldTrump,https://x.com/realDonaldTrump/status/1844519386557628883/video/1,Video,https://video.twimg.com/amplify_video/1844519327556399116/vid/avc1/640x360/uTzF7uh3D1cBaO3H.mp4?tag=16,2024-10-11 07-24-vid_117.mp4,"I will cut the price of ENERGY and ELECTRICITY in HALF within 12 months. We will seriously expedite our environmental approvals, and quickly double our electricity capacity. This will DRIVE DOWN INFLATION, and make AMERICA and MICHIGAN the best place on earth to build a factory… https://t.co/N3UFtLXf8L",205349,40125,13409
2024/10/10 20:08,Donald J. Trump,@realDonaldTrump,https://x.com/realDonaldTrump/status/1844349221673095258/video/1,Video,https://video.twimg.com/amplify_video/1844349165180014598/vid/avc1/634x718/DihEAEaKWA7z3XjA.mp4?tag=16,2024-10-10 20-08-vid_120.mp4,"A giant Fake News Scam by CBS &amp; 60 Minutes. Her REAL ANSWER WAS CRAZY, OR DUMB, so they actually REPLACED it with another answer in order to save her or, at least, make her look better. A FAKE NEWS SCAM, which is totally illegal. TAKE AWAY THE CBS LICENSE. Election Interference. https://t.co/JRxSda3NeC",330162,88564,16237
2024/10/9 4:39,Donald J. Trump,@realDonaldTrump,https://x.com/realDonaldTrump/status/1843753003934970214/video/1,Video,https://video.twimg.com/amplify_video/1843752945495457792/vid/avc1/640x360/DSkIj-JcvBondUxY.mp4?tag=16,2024-10-09 04-39-vid_122.mp4,"Lyin’ Kamala, who is being exposed as a “dummy” every time she does a show, just stated to the degenerates on The View that she would have done nothing different than Crooked Joe Biden, the WORST PRESIDENT IN THE HISTORY OF THE UNITED STATES. The Lamestream Media doesn’t want to https://t.co/c7bDvMc9GK",246308,54027,16389
2024/10/10 23:28,Donald J. Trump,@realDonaldTrump,https://x.com/realDonaldTrump/status/1844399594278707408/video/1,Video,https://video.twimg.com/amplify_video/1844399423914176512/vid/avc1/1920x1080/WMPLqLjTUiBYSqTW.mp4?tag=16,2024-10-10 23-28-vid_119.mp4,TO THE GREAT PEOPLE OF FLORIDA… https://t.co/hv34G8hpr2,281197,43993,9363
2024/10/10 2:04,Donald J. Trump,@realDonaldTrump,https://x.com/realDonaldTrump/status/1844076417623130140/video/1,Video,https://video.twimg.com/amplify_video/1844076241546248195/vid/avc1/720x1280/_j17oKfZNTD4VsJJ.mp4?tag=16,2024-10-10 02-04-vid_121.mp4,"BUTLER, Pennsylvania — OVER 100,000 people! https://t.co/ggT4ipWASm",463012,69359,17709
2024/10/5 9:21,Donald J. Trump,@realDonaldTrump,https://x.com/realDonaldTrump/status/1842374535632593294/video/1,Video,https://video.twimg.com/amplify_video/1842374427150815232/vid/avc1/720x1280/ttvoUD98-ujwD7cP.mp4?tag=16,2024-10-05 09-21-vid_123.mp4,"Has Liz Cheney, one of the dumber people in politics, ever looked at the horrible statements she’s made about Lyin’ Kamala Harris? Every view and policy is the exact opposite of what Cheney and her equally ridiculous father, who got us into the never ending Wars in the Middle https://t.co/3kFjsTSHia",146919,42486,11198
2024/10/11 7:27,Donald J. Trump,@realDonaldTrump,https://x.com/realDonaldTrump/status/1844520137753272646/photo/1,Image,https://pbs.twimg.com/media/GZkNSVeWAAYJaee.jpg,2024-10-11 07-27-img_116.jpg,https://t.co/Zb3vgTeV9K,328656,75221,10611
2024/10/11 10:43,Donald J. Trump,@realDonaldTrump,https://x.com/realDonaldTrump/status/1844569515851411802/video/1,Video,https://video.twimg.com/amplify_video/1844569330308063243/vid/avc1/1280x720/vHSvcxxwY46y8aDT.mp4?tag=16,2024-10-11 10-43-vid_113.mp4,https://t.co/rE1XgzSySJ,208918,41383,18895
2024/10/16 22:16,Donald J. Trump,@realDonaldTrump,https://x.com/realDonaldTrump/status/1846555724182086106/photo/1,Image,https://pbs.twimg.com/media/GaBIlcmWAAASfqX.jpg,2024-10-16 22-16-img_98.jpg,"This Saturday, October 19, 2024, is the 40th Anniversary of the Martyrdom of Father Jerzy Popie?uszko, a truly great Catholic priest, who was the source of tremendous spiritual strength for the Polish Solidarity Movement and, indeed, the entire nation of Poland, in the 1980s. https://t.co/9HIFtRQbka",95725,18318,4622
2024/10/5 2:31,Donald J. Trump,@realDonaldTrump,https://x.com/realDonaldTrump/status/1842271379992801595/video/1,Video,https://video.twimg.com/amplify_video/1842271328671338496/vid/avc1/1280x720/tEzunV92f4-Qoptr.mp4?tag=16,2024-10-05 02-31-vid_124.mp4,KAMALA HARRIS: “AND FINALLY PUTTING AN END TO FRACKING ONCE AND FOR ALL!” https://t.co/ZWzAIKEJy4,102619,26193,5214
2024/9/30 1:40,Donald J. Trump,@realDonaldTrump,https://x.com/realDonaldTrump/status/1840446656023535737/photo/1,Image,https://pbs.twimg.com/media/GYqUIfrWwAAu_o-.jpg,2024-09-30 01-40-img_131.jpg,"Congratulations to our incredible former First Lady on the success of her new book, MELANIA! #1 in the USA!! Buy your copy today at https://t.co/Fv5O87YhY4.

Don’t miss tonight’s Fox News Special, MELANIA—at 10PM ET, hosted by Ainsley Earhardt. https://t.co/NxWW78OZJn",177799,23351,9910
2024/9/28 18:42,Donald J. Trump,@realDonaldTrump,https://x.com/realDonaldTrump/status/1839978929282589094/photo/1,Image,https://pbs.twimg.com/media/GYjrDwHXYAAqNsB.jpg,2024-09-28 18-42-img_133.jpg,https://t.co/dNi40xEKI1,105351,23269,3951
2024/9/29 0:49,Donald J. Trump,@realDonaldTrump,https://x.com/realDonaldTrump/status/1840071425668919408/video/1,Video,https://video.twimg.com/amplify_video/1840071340423884800/vid/avc1/960x540/455ZoBIN_RT940Da.mp4?tag=16,2024-09-29 00-49-vid_132.mp4,https://t.co/pWoe6GkSkI,105265,27872,7067
2024/9/30 4:54,Donald J. Trump,@realDonaldTrump,https://x.com/realDonaldTrump/status/1840495471846101091/photo/1,Image,https://pbs.twimg.com/media/GYrA3ela4AAwe4v.jpg,2024-09-30 04-54-img_130.jpg,"Don’t miss tonight’s Fox News Special, MELANIA—Hosted by Ainsley Earhardt at 10:00PM ET! https://t.co/Fv5O87YPNC https://t.co/muiGpOILmT",45480,7788,3489
2024/10/4 11:45,Donald J. Trump,@realDonaldTrump,https://x.com/realDonaldTrump/status/1842048295293563257/photo/1,Image,https://pbs.twimg.com/media/GZBFKUCXoAAgQoG.jpg,2024-10-04 11-45-img_125.jpg,BUTLER ON SATURDAY—HISTORIC! https://t.co/S8WhiNdWph,231239,29655,8928
2024/10/2 12:13,Donald J. Trump,@realDonaldTrump,https://x.com/realDonaldTrump/status/1841330673405063297/video/1,Video,https://video.twimg.com/amplify_video/1841330597639204864/vid/avc1/1278x720/xQ3726jeT4FVW3Ht.mp4?tag=16,2024-10-02 12-13-vid_127.mp4,Text TRUMP to 88022 https://t.co/AFuzkT6o5l,132728,14525,4044
2024/10/2 0:39,Donald J. Trump,@realDonaldTrump,https://x.com/realDonaldTrump/status/1841155924133617918/video/1,Video,https://video.twimg.com/amplify_video/1841155315808829440/vid/avc1/1920x1080/DFxp3WPImfySftDT.mp4?tag=16,2024-10-02 00-39-vid_128.mp4,https://t.co/sa1N7xZX4J,232231,42605,9150
2024/10/4 6:08,Donald J. Trump,@realDonaldTrump,https://x.com/realDonaldTrump/status/1841963512131645936/video/1,Video,https://video.twimg.com/amplify_video/1841963168102502400/vid/avc1/1280x720/bthBlJFoiDrWEeUJ.mp4?tag=16,2024-10-04 06-08-vid_126.mp4,“KAMALA HARRIS ON THE TRUMP MIDDLE-CLASS TAX CUTS” https://t.co/XHbs1UEOe8,79498,19991,5338
2024/9/30 8:32,Donald J. Trump,@realDonaldTrump,https://x.com/realDonaldTrump/status/1840550305085141221/photo/1,Image,https://pbs.twimg.com/media/GYryv57W0AApHVk.jpg,2024-09-30 08-32-img_129.jpg,"Saint Michael the Archangel, defend us in battle. Be our defense against the wickedness and snares of the Devil. May God rebuke him, we humbly pray, and do thou, O Prince of the heavenly hosts, by the power of God, cast into hell Satan, and all the evil spirits, who prowl about https://t.co/Z3RoeGUslh",503281,97598,32400
2024/9/26 11:53,Donald J. Trump,@realDonaldTrump,https://x.com/realDonaldTrump/status/1839151365769027695/photo/1,Image,https://pbs.twimg.com/media/GYX6a1ZX0AAD-X1.jpg,2024-09-26 11-53-img_138.jpg,https://t.co/aaVSz63nnh,87948,16443,2962
2024/9/26 11:53,Donald J. Trump,@realDonaldTrump,https://x.com/realDonaldTrump/status/1839151365769027695/photo/1,Image,https://pbs.twimg.com/media/GYX6a1XXMAAi-xg.jpg,2024-09-26 11-53-img_139.jpg,https://t.co/aaVSz63nnh,87948,16443,2962
2024/9/26 11:10,Donald J. Trump,@realDonaldTrump,https://x.com/realDonaldTrump/status/1839140347835801697/video/1,Video,https://video.twimg.com/amplify_video/1839140298007437312/vid/avc1/1280x720/0ZVo-F7bIRhN6fsL.mp4?tag=16,2024-09-26 11-10-vid_142.mp4,"I couldn’t agree more! 
https://t.co/hkmTSuQK0K
#VoteTrumpVance2024 https://t.co/r2grj9Miiz",130149,26140,6138
2024/9/26 11:01,Donald J. Trump,@realDonaldTrump,https://x.com/realDonaldTrump/status/1839138130575733233/video/1,Video,https://video.twimg.com/amplify_video/1839138073617068032/vid/avc1/1280x720/QLNSC0hpczZdM-44.mp4?tag=16,2024-09-26 11-01-vid_143.mp4,INFLATION IS A DISASTER! https://t.co/hkmTSuQK0K https://t.co/3enYt6w1SL,81148,19238,3973
2024/9/27 9:14,Donald J. Trump,@realDonaldTrump,https://x.com/realDonaldTrump/status/1839473586601402745/video/1,Video,https://video.twimg.com/amplify_video/1839473508109475840/vid/avc1/1280x700/u5EcAD7I1hpCk3by.mp4?tag=16,2024-09-27 09-14-vid_136.mp4,CONGRATULATIONS to our incredible former First Lady—as her new book MELANIA hit #1 in the USA! Buy your copy today at https://t.co/jLSqKtqj5l. https://t.co/zRkrwRAMnH,242451,33275,9897
2024/9/26 21:01,Donald J. Trump,@realDonaldTrump,https://x.com/realDonaldTrump/status/1839289080288522279/video/1,Video,https://video.twimg.com/amplify_video/1839288519841427463/vid/avc1/1920x1080/57sWqC0Sh-1rcj2z.mp4?tag=16,2024-09-26 21-01-vid_137.mp4,https://t.co/hkmTSuRhQi https://t.co/8sWO8CStyQ,99162,19843,10048
2024/9/25 11:02,Donald J. Trump,@realDonaldTrump,https://x.com/realDonaldTrump/status/1838776104804315240/video/1,Video,https://video.twimg.com/amplify_video/1838776005646856192/vid/avc1/640x360/-ppBtUFXVeW2owkD.mp4?tag=16,2024-09-25 11-02-vid_145.mp4,https://t.co/pNeYcGWbUO,169435,31859,10768
2024/9/28 18:12,Donald J. Trump,@realDonaldTrump,https://x.com/realDonaldTrump/status/1839971510259249237/video/1,Video,https://video.twimg.com/amplify_video/1839971386447556608/vid/avc1/1280x720/hpdTEXi722CEW5p0.mp4?tag=16,2024-09-28 18-12-vid_135.mp4,"“13,000 CROSSED THE BORDER WITH MURDER CONVICTIONS” https://t.co/t7IPSWMnk1",122439,37262,4112
2024/9/20 5:20,Donald J. Trump,@realDonaldTrump,https://x.com/realDonaldTrump/status/1836877990724083850/photo/1,Image,https://pbs.twimg.com/media/GX3myxZWoAEFkbi.jpg,2024-09-20 05-20-img_151.jpg,"I just learned that my newest book, SAVE AMERICA, is a New York Times BEST SELLER! No other book takes you behind the scenes like this coffee table book. I picked each photo, and I can tell you it is FANTASTIC. Get your copy today at https://t.co/JRnhJ2Lbgp. https://t.co/JzwL3sE9RQ",216098,33124,14345
2024/9/24 23:00,Donald J. Trump,@realDonaldTrump,https://x.com/realDonaldTrump/status/1838594336856117411/video/1,Video,https://video.twimg.com/amplify_video/1838594082253475845/vid/avc1/1280x720/KUvJC6ySvfAf2k6z.mp4?tag=16,2024-09-24 23-00-vid_147.mp4,"Trump’s Rescue Mission: Saving America is the film Kamala Harris and her allies in the biased media don’t want you to see. With an incredible cast, it dares to tell the truth about Kamala’s radical left-wing agenda. This is a must see, go to: https://t.co/jq0b6Mjlpz. https://t.co/ySoc2ny2Wt",85480,26133,4509
2024/9/14 23:18,Donald J. Trump,@realDonaldTrump,https://x.com/realDonaldTrump/status/1834974939897582075/video/1,Video,https://video.twimg.com/amplify_video/1834974879059230720/vid/avc1/1280x720/IUg_ITGb7_JMm6DK.mp4?tag=16,2024-09-14 23-18-vid_154.mp4,https://t.co/uOzDcVe6Cp,159270,32546,12165
2024/9/13 3:21,Donald J. Trump,@realDonaldTrump,https://x.com/realDonaldTrump/status/1834311432982135015/video/1,Video,https://video.twimg.com/amplify_video/1834311379685081088/vid/avc1/640x360/VHWlYY6YT5jAxSAP.mp4?tag=16,2024-09-13 03-21-vid_156.mp4,.@WorldLibertyFi https://t.co/rHEGQXl4jL,132072,24861,7835
2024/9/22 1:48,Donald J. Trump,@realDonaldTrump,https://x.com/realDonaldTrump/status/1837549569481285792/video/1,Video,https://video.twimg.com/amplify_video/1837549453047160832/vid/avc1/1920x1080/zoSSBtRXn-Ulvi4Y.mp4?tag=16,2024-09-22 01-48-vid_150.mp4,"Hello everyone! I have something incredible to share today, as we are introducing the launch of our Official Trump Coins! The ONLY OFFICIAL coin designed by me—and proudly minted here in the U.S.A. The President Donald J. Trump First Edition Silver Medallion will be available https://t.co/9SP1PaLOTh",150880,23078,24262
2024/9/9 11:44,Donald J. Trump,@realDonaldTrump,https://x.com/realDonaldTrump/status/1832988358932348976/photo/1,Image,https://pbs.twimg.com/media/GXAVMneWwAAKLdq.jpg,2024-09-09 11-44-img_158.jpg,Happy Birthday Mary! https://t.co/d1nwHWTk2b,657833,60313,22446
2024/9/28 18:15,Donald J. Trump,@realDonaldTrump,https://x.com/realDonaldTrump/status/1839972177610727732/video/1,Video,https://video.twimg.com/amplify_video/1839972022719250432/vid/avc1/1280x720/1VW3qf-epfFrWbiD.mp4?tag=16,2024-09-28 18-15-vid_134.mp4,“KAMALA’S AMERICA: MURDERERS &amp; RAPISTS RUN WILD” @IngrahamAngle @RealTomHoman @BPUnion https://t.co/59tG1lqmlY,80920,24180,3536
2024/9/7 11:30,Donald J. Trump,@realDonaldTrump,https://x.com/realDonaldTrump/status/1832260239044874481/video/1,Video,https://video.twimg.com/amplify_video/1832260183935856640/vid/avc1/1280x720/9MeFOra-9UIdMPvu.mp4?tag=16,2024-09-07 11-30-vid_160.mp4,COMRADE KAMALA HARRIS WAS GIVEN ONE IMPORTANT JOB AS VICE PRESIDENT… https://t.co/8ewUMeXsEx,120667,31715,8059
2024/9/12 0:54,Donald J. Trump,@realDonaldTrump,https://x.com/realDonaldTrump/status/1833911909692952960/video/1,Video,https://video.twimg.com/amplify_video/1833911597628297216/vid/avc1/1280x720/zhV0wcjuqpA2O560.mp4?tag=16,2024-09-12 00-54-vid_157.mp4,https://t.co/wjcfao0bUP,282849,51105,24931
2024/9/5 22:40,Donald J. Trump,@realDonaldTrump,https://x.com/realDonaldTrump/status/1831703950564671956/photo/1,Image,https://pbs.twimg.com/media/GWuFB2tXIAAaPm7.jpg,2024-09-05 22-40-img_164.jpg,https://t.co/X3wPPR7pu9,329125,61549,11257
2024/9/7 11:01,Donald J. Trump,@realDonaldTrump,https://x.com/realDonaldTrump/status/1832252912678170940/video/1,Video,https://video.twimg.com/amplify_video/1832252860236476416/vid/avc1/1280x720/2PzcXSdTi9FJIEoL.mp4?tag=16,2024-09-07 11-01-vid_162.mp4,HOW MUCH MORE YOU’RE PAYING UNDER COMRADE KAMALA HARRIS… https://t.co/7QFKqXiq9l,127103,30475,9546
2024/9/4 6:21,Donald J. Trump,@realDonaldTrump,https://x.com/realDonaldTrump/status/1831095087163707732/video/1,Video,https://video.twimg.com/amplify_video/1831095014299963392/vid/avc1/640x360/zC39eqTqpH-m82MV.mp4?tag=16,2024-09-04 06-21-vid_166.mp4,"Jaclyn Schmitz, Step-Mother of Lance Corporal Jared Schmitz… https://t.co/AXu7bLfFeM",116471,24096,7703
2024/9/3 0:10,Donald J. Trump,@realDonaldTrump,https://x.com/realDonaldTrump/status/1830639458468950444/video/1,Video,https://video.twimg.com/amplify_video/1830639381712879616/vid/avc1/1920x1080/b931lRg96ouWVm_e.mp4?tag=16,2024-09-03 00-10-vid_168.mp4,https://t.co/1jSxZSgimS,123227,29337,7098
2024/9/2 1:52,Donald J. Trump,@realDonaldTrump,https://x.com/realDonaldTrump/status/1830302655832338707/photo/1,Image,https://pbs.twimg.com/media/GWaKj-2WEAAOFfg.jpg,2024-09-02 01-52-img_172.jpg,https://t.co/dRzk0BLf86,326450,49748,11594
2024/9/2 1:06,Donald J. Trump,@realDonaldTrump,https://x.com/realDonaldTrump/status/1830291221820170749/photo/1,Image,https://pbs.twimg.com/media/GWaAKXDWQAEAOVR.jpg,2024-09-02 01-06-img_174.jpg,https://t.co/loG02d25sM,212420,40579,7310
2024/9/1 8:52,Donald J. Trump,@realDonaldTrump,https://x.com/realDonaldTrump/status/1830045970911867154/video/1,Video,https://video.twimg.com/amplify_video/1830045910111244290/vid/avc1/224x128/JgUVnNUeBFMRt5Ed.mp4?tag=16,2024-09-01 08-52-vid_176.mp4,"Darin Hoover, Father of Staff Sgt. Taylor Hoover… https://t.co/ANQaSfjcUs",137557,32340,4312
2024/9/1 8:44,Donald J. Trump,@realDonaldTrump,https://x.com/realDonaldTrump/status/1830044131021762757/video/1,Video,https://video.twimg.com/amplify_video/1830044071391330306/vid/avc1/224x128/a3TSB3-vK2zmiXoH.mp4?tag=16,2024-09-01 08-44-vid_179.mp4,"Mark Schmitz, Father of Lance Corporal Jared M. Schmitz… https://t.co/pRLF9tS7Jn",182989,43597,3774
2024/9/1 8:42,Donald J. Trump,@realDonaldTrump,https://x.com/realDonaldTrump/status/1830043573124747613/video/1,Video,https://video.twimg.com/amplify_video/1830043507538468864/vid/avc1/640x360/y1-AB3qhtSsBrq2W.mp4?tag=16,2024-09-01 08-42-vid_181.mp4,"Herman Lopez, Father of Corporal Hunter Lopez… https://t.co/4S7Yb1kZeO",131093,31034,1989
2024/8/28 10:11,Donald J. Trump,@realDonaldTrump,https://x.com/realDonaldTrump/status/1828616319228391525/photo/1,Image,https://pbs.twimg.com/media/GWCM2fKWUAEROcG.jpg,2024-08-28 10-11-img_1.jpg,https://t.co/m5Wsenfgrf,255837,39391,7817
2024/8/28 1:26,Donald J. Trump,@realDonaldTrump,https://x.com/realDonaldTrump/status/1828484235352821994/photo/1,Image,https://pbs.twimg.com/media/GWAUt_UXAAAPbAo.jpg,2024-08-28 01-26-img_3.jpg,You can make a BIG ELECTION IMPACT with a small time commitment! Join #TrumpForce47 at: https://t.co/rvCXifoyES. https://t.co/kSV1BpV6SG,47740,9479,3774
2024/8/29 8:14,Donald J. Trump,@realDonaldTrump,https://x.com/realDonaldTrump/status/1828949359448244304/photo/1,Image,https://pbs.twimg.com/media/GWG7v8RXIAEgtwT.jpg,2024-08-29 08-14-img_0.jpg,https://t.co/jJ9wqsANyK,162762,41552,7912
2024/8/24 22:59,Donald J. Trump,@realDonaldTrump,https://x.com/realDonaldTrump/status/1827360091927900379/photo/1,Image,https://pbs.twimg.com/media/GVwWUZdX0AARFy3.jpg,2024-08-24 22-59-img_9.jpg,"If you love our former First Lady as much as me, and are ready for the Truth, buy her new book now!

MELANIA provides an insightful perspective of her tenure as First Lady of the United States, highlighting our shared experiences, her entrepreneurial achievements, plus the https://t.co/YyR4ZszMWA",93796,15082,6069
2024/8/26 9:49,Donald J. Trump,@realDonaldTrump,https://x.com/realDonaldTrump/status/1827885970932240809/video/1,Video,https://video.twimg.com/amplify_video/1827885919816343552/vid/avc1/1280x720/gzOzzujsBbu7qFbe.mp4?tag=16,2024-08-26 09-49-vid_7.mp4,https://t.co/aLb3CJ8tp1,84413,20037,3352
2024/8/27 5:37,Donald J. Trump,@realDonaldTrump,https://x.com/realDonaldTrump/status/1828184902648393890/video/1,Video,https://video.twimg.com/amplify_video/1828184851817639936/vid/avc1/1280x720/2isGEgdjjVtNZvwP.mp4?tag=16,2024-08-27 05-37-vid_5.mp4,https://t.co/ZQ4oMTBUIk,217198,50982,13040
2024/8/27 6:26,Donald J. Trump,@realDonaldTrump,https://x.com/realDonaldTrump/status/1828197425171063275/photo/1,Image,https://pbs.twimg.com/media/GV8P3npXUAAvQqJ.jpg,2024-08-27 06-26-img_4.jpg,"I have a FANTASTIC new Book coming out next week, “SAVE AMERICA.” I hand-selected every Photo, from my time in the White House, to our current third Campaign for President of the United States. A MUST HAVE on U.S. History, especially for America First Patriots - Get your copy now https://t.co/GSUJ9V015T",176654,29464,12221
2024/8/26 9:58,Donald J. Trump,@realDonaldTrump,https://x.com/realDonaldTrump/status/1827888352718110901/video/1,Video,https://video.twimg.com/amplify_video/1827888299127472128/vid/avc1/1080x608/IA_QeTsziu-XpGeo.mp4?tag=16,2024-08-26 09-58-vid_6.mp4,https://t.co/IoQo2twFy4,230563,46928,9069
2024/8/28 2:47,Donald J. Trump,@realDonaldTrump,https://x.com/realDonaldTrump/status/1828504545405870150/video/1,Video,https://video.twimg.com/amplify_video/1828504456842842113/vid/avc1/1280x720/WpbndVUWX95-krL0.mp4?tag=16,2024-08-28 02-47-vid_2.mp4,"Thank you, @RobertKennedyJr and @TulsiGabbard! https://t.co/qgnhVOGLpX",364444,51244,7647
2024/8/23 13:52,Donald J. Trump,@realDonaldTrump,https://x.com/realDonaldTrump/status/1826860162591908076/photo/1,Image,https://pbs.twimg.com/media/GVpPognbgAI6Vgr.jpg,2024-08-23 13-52-img_11.jpg,https://t.co/3zJbhwcQgW,263944,54566,8730
2024/8/26 3:10,Donald J. Trump,@realDonaldTrump,https://x.com/realDonaldTrump/status/1827785646645071958/video/1,Video,https://video.twimg.com/amplify_video/1827785595810115584/vid/avc1/1280x720/j6wU7aZoqOnOUeex.mp4?tag=16,2024-08-26 03-10-vid_8.mp4,NO TAX ON TIPS! https://t.co/PhQOxNoIww,90914,20161,6441
2024/8/23 12:22,Donald J. Trump,@realDonaldTrump,https://x.com/realDonaldTrump/status/1826837513232621746/photo/1,Image,https://pbs.twimg.com/media/GVo7CQHbAAAwVdI.jpg,2024-08-23 12-22-img_12.jpg,https://t.co/fqfAM9SoqT,194050,39725,7233
2024/8/21 21:33,Donald J. Trump,@realDonaldTrump,https://x.com/realDonaldTrump/status/1826251180797993191/video/1,Video,https://video.twimg.com/amplify_video/1826251063118217216/vid/avc1/568x320/gMXX8HRpXOV28skI.mp4?tag=16,2024-08-21 21-33-vid_15.mp4,"And they go after me for NOTHING! 

“BIDEN ENGAGED IN IMPEACHABLE CONDUCT” https://t.co/KGmcZ33SlJ",148326,33850,8253
2024/8/19 11:17,Donald J. Trump,@realDonaldTrump,https://x.com/realDonaldTrump/status/1825371499936501926/photo/1,Image,https://pbs.twimg.com/media/GVUFtKMW4AA2gpU.jpg,2024-08-19 11-17-img_16.jpg,https://t.co/YV7CGGA81E,170323,39279,8546
2024/8/21 22:38,Donald J. Trump,@realDonaldTrump,https://x.com/realDonaldTrump/status/1826267622952010032/video/1,Video,https://video.twimg.com/amplify_video/1826267533860544512/vid/avc1/886x482/T2en68DaralunsvJ.mp4?tag=16,2024-08-21 22-38-vid_14.mp4,https://t.co/VPYMFiYlMa,82285,20515,4192
2024/8/19 3:20,Donald J. Trump,@realDonaldTrump,https://x.com/realDonaldTrump/status/1825251471635665168/video/1,Video,https://video.twimg.com/amplify_video/1825251374621233152/vid/avc1/1280x720/78vSSQgARjrCiBoM.mp4?tag=16,2024-08-19 03-20-vid_18.mp4,“KAMALA PUT VIOLENT ILLEGALS—CONVICTED FELONS BACK ONTO THE STREETS.” https://t.co/3kWQArj5it,131285,34867,8458
2024/8/19 9:16,Donald J. Trump,@realDonaldTrump,https://x.com/realDonaldTrump/status/1825341093094854989/photo/1,Image,https://pbs.twimg.com/media/GVTqDLCWAAIhUyz.jpg,2024-08-19 09-16-img_17.jpg,https://t.co/BI7RSbnojs,213143,54370,13637
2024/8/24 4:52,Donald J. Trump,@realDonaldTrump,https://x.com/realDonaldTrump/status/1827086527371079739/video/1,Video,https://video.twimg.com/amplify_video/1827079874227662848/vid/avc1/1280x720/FomvRgWf30eLGi9W.mp4?tag=16,2024-08-24 04-52-vid_10.mp4,#NoTaxOnTips #MAGA2024 https://t.co/1HpTsGCnmT,134055,21625,5203
2024/8/22 4:54,Donald J. Trump,@realDonaldTrump,https://x.com/realDonaldTrump/status/1826362198102606184/video/1,Video,https://video.twimg.com/amplify_video/1826356521422245888/vid/avc1/1280x720/6n5L8FxvVrwOid7e.mp4?tag=16,2024-08-22 04-54-vid_13.mp4,https://t.co/R3k0GdGklH,113661,19489,9206
2024/8/18 19:50,Donald J. Trump,@realDonaldTrump,https://x.com/realDonaldTrump/status/1825138139502878806/photo/1,Image,https://pbs.twimg.com/media/GVQxdq2WAAABm57.jpg,2024-08-18 19-50-img_20.jpg,https://t.co/H0ExcNXBdl,771536,98610,32245
2024/8/18 12:23,Donald J. Trump,@realDonaldTrump,https://x.com/realDonaldTrump/status/1825025772341334386/photo/1,Image,https://pbs.twimg.com/media/GVPLRHtXAAAHRMP.jpg,2024-08-18 12-23-img_21.jpg,https://t.co/yQwIGiVSDs,184373,37641,8134
2024/8/18 2:08,Donald J. Trump,@realDonaldTrump,https://x.com/realDonaldTrump/status/1824870965395734557/video/1,Video,https://video.twimg.com/amplify_video/1824870858533273600/vid/avc1/1280x680/oGoIa2080JzgXsSd.mp4?tag=16,2024-08-18 02-08-vid_24.mp4,RIP Corey Comperatore?? https://t.co/J2lrr0Mm8u,198763,31950,6528
2024/8/18 1:11,Donald J. Trump,@realDonaldTrump,https://x.com/realDonaldTrump/status/1824856503062237588/video/1,Video,https://video.twimg.com/amplify_video/1824856443423531008/vid/avc1/640x360/fVWmBUEQrlFO_0XZ.mp4?tag=16,2024-08-18 01-11-vid_25.mp4,Kamala Harris: Weak. Failed. Dangerously Liberal. #MAGA2024 https://t.co/PL0DeFss93,137578,33496,7604
2024/8/18 11:43,Donald J. Trump,@realDonaldTrump,https://x.com/realDonaldTrump/status/1825015745048203688/video/1,Video,https://video.twimg.com/amplify_video/1825015660642000896/vid/avc1/886x482/hacO5liLdpGa1oX0.mp4?tag=16,2024-08-18 11-43-vid_22.mp4,https://t.co/NbYZZh30Wk,106556,25415,4170
2024/8/19 3:05,Donald J. Trump,@realDonaldTrump,https://x.com/realDonaldTrump/status/1825247571553468692/video/1,Video,https://video.twimg.com/amplify_video/1825247522329165824/vid/avc1/1280x720/8D2ZMPsl39yqGg8y.mp4?tag=16,2024-08-19 03-05-vid_19.mp4,"“I mean, the Trump team is right. The Supreme Court's made clear if there's an open immunity issue that needs to be litigated before anything else happens, and there's no good law enforcement reason why this sentencing has to take place prior to the election.” @AndrewCMcCarthy https://t.co/hMI7pm683l",96747,22307,4423
2024/8/18 0:13,Donald J. Trump,@realDonaldTrump,https://x.com/realDonaldTrump/status/1824841978707681662/photo/1,Image,https://pbs.twimg.com/media/GVMkGXRXYAA6cPd.jpg,2024-08-18 00-13-img_26.jpg,You can make a BIG ELECTION IMPACT with a small time commitment! Join #TrumpForce47 at: https://t.co/rvCXifo0Pk. https://t.co/pb9gV0OVQh,64713,12650,4247
2024/8/13 5:54,Donald J. Trump,@realDonaldTrump,https://x.com/realDonaldTrump/status/1823115957499310169/video/1,Video,https://video.twimg.com/amplify_video/1823115867074260992/vid/avc1/720x384/fsqz42fHENDMfrlB.mp4?tag=16,2024-08-13 05-54-vid_31.mp4,MAKE AMERICA GREAT AGAIN! https://t.co/MlIKklPSJT https://t.co/yJZmAaahs0,457049,77310,19286
2024/8/15 21:04,Donald J. Trump,@realDonaldTrump,https://x.com/realDonaldTrump/status/1824069681868669045/video/1,Video,https://video.twimg.com/amplify_video/1824069627548164096/vid/avc1/720x1280/lJwjsPUoW7gFAhR9.mp4?tag=16,2024-08-15 21-04-vid_29.mp4,https://t.co/CaH0yXMO0k,913746,112272,33469
2024/8/18 0:02,Donald J. Trump,@realDonaldTrump,https://x.com/realDonaldTrump/status/1824839155467145340/video/1,Video,https://video.twimg.com/amplify_video/1824839059656556544/vid/avc1/1280x566/PXPVhVOYR6Ekix5v.mp4?tag=16,2024-08-18 00-02-vid_27.mp4,"If you think things are expensive now, they will get 100 times WORSE if Kamala gets four years as President. Under her plan, Kamala will implement SOVIET Style Price Controls. She will abolish private health care, and make California's ridiculous tax policies the law of the land, https://t.co/DPNV146vfO",241863,54864,11659
2024/8/13 0:36,Donald J. Trump,@realDonaldTrump,https://x.com/realDonaldTrump/status/1823035759655264697/photo/1,Image,https://pbs.twimg.com/media/GUy5XFhWoAAXHkj.jpg,2024-08-13 00-36-img_37.jpg,ENJOY! https://t.co/un0WwfJlpw,533300,83544,22603
2024/8/17 23:28,Donald J. Trump,@realDonaldTrump,https://x.com/realDonaldTrump/status/1824830617017614728/video/1,Video,https://video.twimg.com/amplify_video/1824829665896185856/vid/avc1/1920x1080/fdUMrNmfeJ22pGHB.mp4?tag=16,2024-08-17 23-28-vid_28.mp4,https://t.co/Gs39rQUCry,115657,27542,5994
2024/8/13 1:51,Donald J. Trump,@realDonaldTrump,https://x.com/realDonaldTrump/status/1823054798586822981/video/1,Video,https://video.twimg.com/amplify_video/1823054683339972608/vid/avc1/1080x608/UrZWVoEIvd8HYQLF.mp4?tag=16,2024-08-13 01-51-vid_34.mp4,“TRUMP WAS RIGHT ABOUT EVERYTHING!” https://t.co/MlIKklPSJT https://t.co/0mMyATtbkJ,300341,59573,11612
2024/8/13 2:56,Donald J. Trump,@realDonaldTrump,https://x.com/realDonaldTrump/status/1823071024675717560/video/1,Video,https://video.twimg.com/amplify_video/1823070969977528321/vid/avc1/1280x720/g1aS5E8imXknGfDu.mp4?tag=16,2024-08-13 02-56-vid_33.mp4,https://t.co/MlIKklQqzr https://t.co/PECTQ3ZBLy,340613,57322,9863
2024/8/13 3:42,Donald J. Trump,@realDonaldTrump,https://x.com/realDonaldTrump/status/1823082686040211799/video/1,Video,https://video.twimg.com/amplify_video/1823082631786893312/vid/avc1/1918x1080/mBW-HVRMxkuYtuu8.mp4?tag=16,2024-08-13 03-42-vid_32.mp4,Join https://t.co/hkmTSuQK0K today! https://t.co/2UHVJEFasu,265509,44712,8616
2024/8/13 0:46,Donald J. Trump,@realDonaldTrump,https://x.com/realDonaldTrump/status/1823038360450924748/video/1,Video,https://video.twimg.com/amplify_video/1823038292071251969/vid/avc1/1278x720/rMirSIen9SkrM5LG.mp4?tag=16,2024-08-13 00-46-vid_36.mp4,https://t.co/MlIKklPSJT https://t.co/sVyrCxHqdt,347979,66237,13343
2024/8/13 1:17,Donald J. Trump,@realDonaldTrump,https://x.com/realDonaldTrump/status/1823046173868831147/video/1,Video,https://video.twimg.com/amplify_video/1823046078049968128/vid/avc1/1280x720/eoV2DjweBDlrcLcS.mp4?tag=16,2024-08-13 01-17-vid_35.mp4,MEET SAN FRANCISCO RADICAL KAMALA HARRIS! https://t.co/MlIKklPSJT https://t.co/lv4nGjNzae,280016,64488,11561
2024/8/12 23:19,Donald J. Trump,@realDonaldTrump,https://x.com/realDonaldTrump/status/1823016427680358790/video/1,Video,https://video.twimg.com/amplify_video/1823016241159671808/vid/avc1/960x540/yqilmbEM30aJSAud.mp4?tag=16,2024-08-12 23-19-vid_38.mp4,https://t.co/tf87iebMdN,638803,147030,49371
2024/8/14 2:45,Donald J. Trump,@realDonaldTrump,https://x.com/realDonaldTrump/status/1823430600872878321/video/1,Video,https://video.twimg.com/amplify_video/1823427918892089345/vid/avc1/1920x1080/fb5-B7PKCy2ee2Ip.mp4?tag=16,2024-08-14 02-45-vid_30.mp4,https://t.co/47H3HLczZL,234881,39396,15736
2024/8/18 9:56,Donald J. Trump,@realDonaldTrump,https://x.com/realDonaldTrump/status/1824988683667145046/video/1,Video,https://video.twimg.com/amplify_video/1824985740951814144/vid/avc1/1280x720/PpEyaXFqrIwlS-Tx.mp4?tag=16,2024-08-18 09-56-vid_23.mp4,https://t.co/XXLazo4JKY,125714,22944,7660
